{
  "name": "block_stiefel",
  "epochs": [
    {
      "epoch": 1,
      "loss": 0.31395061206310354,
      "acc": 95.49
    }
  ],
  "success": true,
  "error": null,
  "final_loss": 0.31395061206310354,
  "final_acc": 95.49
}