{
  "name": "doubly_stochastic",
  "epochs": [
    {
      "epoch": 1,
      "loss": 1.9333352596201796,
      "acc": 23.59
    }
  ],
  "success": true,
  "error": null,
  "final_loss": 1.9333352596201796,
  "final_acc": 23.59
}