{
  "name": "grassmannian",
  "epochs": [
    {
      "epoch": 1,
      "loss": 143.12895485086645,
      "acc": 10.28
    },
    {
      "epoch": 2,
      "loss": 191.41202845471972,
      "acc": 10.28
    }
  ],
  "success": true,
  "error": null,
  "final_loss": 191.41202845471972,
  "final_acc": 10.28
}