{
  "name": "l1_stiefel",
  "epochs": [
    {
      "epoch": 1,
      "loss": 0.31769494490420563,
      "acc": 95.19
    },
    {
      "epoch": 2,
      "loss": 0.17011112063489062,
      "acc": 96.0
    }
  ],
  "success": true,
  "error": null,
  "final_loss": 0.17011112063489062,
  "final_acc": 96.0
}