{
  "name": "sl_muon",
  "epochs": [
    {
      "epoch": 1,
      "loss": 0.3429953349080492,
      "acc": 95.78
    }
  ],
  "success": true,
  "error": null,
  "final_loss": 0.3429953349080492,
  "final_acc": 95.78
}