{
  "AdamW": {
    "final_loss": 0.04080481228636618,
    "final_acc": 97.69,
    "accuracies": [
      95.63,
      96.78,
      97.0,
      97.47,
      97.69
    ],
    "steps": [
      0,
      50,
      100,
      150,
      200,
      250,
      300,
      350,
      400,
      450,
      500,
      550,
      600,
      650,
      700,
      750,
      800,
      850,
      900,
      950,
      1000,
      1050,
      1100,
      1150
    ],
    "losses": [
      2.3075451850891113,
      0.3388524055480957,
      0.26616576313972473,
      0.1812620759010315,
      0.18947699666023254,
      0.17797362804412842,
      0.13087031245231628,
      0.10697182267904282,
      0.09313315898180008,
      0.11383861303329468,
      0.07215790450572968,
      0.1011074036359787,
      0.07842955738306046,
      0.10967016220092773,
      0.07586057484149933,
      0.0337931253015995,
      0.07441186904907227,
      0.08013366907835007,
      0.04782385006546974,
      0.03811786696314812,
      0.04598056524991989,
      0.03740725666284561,
      0.03287678211927414,
      0.010773986577987671
    ]
  },
  "SGD": {
    "final_loss": 0.10176097598481686,
    "final_acc": 96.85,
    "accuracies": [
      92.74,
      94.82,
      95.61,
      96.64,
      96.85
    ],
    "steps": [
      0,
      50,
      100,
      150,
      200,
      250,
      300,
      350,
      400,
      450,
      500,
      550,
      600,
      650,
      700,
      750,
      800,
      850,
      900,
      950,
      1000,
      1050,
      1100,
      1150
    ],
    "losses": [
      2.284783124923706,
      0.5847700834274292,
      0.384149968624115,
      0.30007821321487427,
      0.2776568531990051,
      0.2510707974433899,
      0.1773342788219452,
      0.23091186583042145,
      0.25567251443862915,
      0.17086613178253174,
      0.23390260338783264,
      0.12172791361808777,
      0.19130122661590576,
      0.13168549537658691,
      0.13432788848876953,
      0.22407811880111694,
      0.13644662499427795,
      0.1497485339641571,
      0.12144407629966736,
      0.07439618557691574,
      0.08478065580129623,
      0.1323607861995697,
      0.09867094457149506,
      0.09794624894857407
    ]
  },
  "Muon": {
    "final_loss": 0.0821093930689382,
    "final_acc": 96.96,
    "accuracies": [
      96.58,
      96.98,
      96.93,
      97.02,
      96.96
    ],
    "steps": [
      0,
      50,
      100,
      150,
      200,
      250,
      300,
      350,
      400,
      450,
      500,
      550,
      600,
      650,
      700,
      750,
      800,
      850,
      900,
      950,
      1000,
      1050,
      1100,
      1150
    ],
    "losses": [
      2.3071205615997314,
      0.2892459034919739,
      0.13686199486255646,
      0.10895328223705292,
      0.07137641310691833,
      0.042979054152965546,
      0.11345508694648743,
      0.057012926787137985,
      0.10076330602169037,
      0.18596744537353516,
      0.06672173738479614,
      0.08622156083583832,
      0.043737106025218964,
      0.0857776626944542,
      0.1010809987783432,
      0.07472233474254608,
      0.062182407826185226,
      0.07083837687969208,
      0.2022514045238495,
      0.051029302179813385,
      0.045989129692316055,
      0.01307403389364481,
      0.04479365423321724,
      0.12332247942686081
    ]
  },
  "Oblique": {
    "final_loss": 0.026809910928553088,
    "final_acc": 97.64,
    "accuracies": [
      95.65,
      96.51,
      96.64,
      97.43,
      97.64
    ],
    "steps": [
      0,
      50,
      100,
      150,
      200,
      250,
      300,
      350,
      400,
      450,
      500,
      550,
      600,
      650,
      700,
      750,
      800,
      850,
      900,
      950,
      1000,
      1050,
      1100,
      1150
    ],
    "losses": [
      5.3694915771484375,
      0.36863115429878235,
      0.33696413040161133,
      0.14645740389823914,
      0.1587550938129425,
      0.12764230370521545,
      0.0500233955681324,
      0.10872753709554672,
      0.06673590838909149,
      0.07868078351020813,
      0.07671806961297989,
      0.07617150992155075,
      0.06386435776948929,
      0.044959645718336105,
      0.05587555095553398,
      0.02287459373474121,
      0.10936179757118225,
      0.022747382521629333,
      0.02674107253551483,
      0.026008063927292824,
      0.009291177615523338,
      0.016199223697185516,
      0.015154605731368065,
      0.014144581742584705
    ]
  },
  "L1-Stiefel": {
    "final_loss": 0.11485106209491161,
    "final_acc": 96.95,
    "accuracies": [
      95.43,
      96.32,
      96.34,
      96.61,
      96.95
    ],
    "steps": [
      0,
      50,
      100,
      150,
      200,
      250,
      300,
      350,
      400,
      450,
      500,
      550,
      600,
      650,
      700,
      750,
      800,
      850,
      900,
      950,
      1000,
      1050,
      1100,
      1150
    ],
    "losses": [
      2.4045193195343018,
      0.30325645208358765,
      0.23152750730514526,
      0.27799469232559204,
      0.21395117044448853,
      0.16687798500061035,
      0.1642734706401825,
      0.18335343897342682,
      0.21689476072788239,
      0.1763797104358673,
      0.15754225850105286,
      0.18759635090827942,
      0.14419782161712646,
      0.1718980073928833,
      0.10026673227548599,
      0.12761344015598297,
      0.11091983318328857,
      0.198384091258049,
      0.11289164423942566,
      0.12476508319377899,
      0.0984003022313118,
      0.10899284482002258,
      0.10790035128593445,
      0.12391610443592072
    ]
  }
}